"spell","level","school","classes","cast_time","duration","range_area","attack_save","damage_effect","description","source_url"
"Acid Splash","C","Conjuration","Arcane Trickster; Eldritch Knight; Sorcerer; Wizard","Action","-","Range 18 m / 60ft Aoe 2m / 7ft (Radius)","DEX Save","1d6 Acid","Throw a bubble of acid that damages each creature it hits.","https://bg3.wiki/wiki/Acid_Splash"
"Blade Ward","C","Abjuration","Arcane Trickster; Bard; Cleric; Eldritch Knight; Sorcerer; Warlock; Wizard","Action","Duration 2 turns","Range Self","-","-","Take only half the damage from Bludgeoning, Piercing, and Slashing attacks.","https://bg3.wiki/wiki/Blade_Ward"
"Bone Chill","C","Necromancy","Arcane Trickster; Eldritch Knight; Sorcerer; Warlock; Wizard","Action","Duration 1 turn","Range 18 m / 60ft","Attack Roll","1d8 Necrotic","Prevent the target from healing until your next turn. The target cannot help Downed characters. An undead target receives Disadvantage on Attack Roll Attack Rolls.","https://bg3.wiki/wiki/Bone_Chill"
"Booming Blade","C","Evocation","Arcane Trickster; Eldritch Knight; Sorcerer; Warlock; Wizard","Action","Duration 1 turn","Range Weapon Range","Attack Roll","Normal weapon damage 1d8 Thunder","Strike with your weapon, afflicting your foe with a resonance that hurts them for 1d8 Thunder when they move. This spell can be cast while you are Silenced. Prerequisite Requires proficiency with the equipped weapon","https://bg3.wiki/wiki/Booming_Blade"
"Bursting Sinew","C","Necromancy","Arcane Trickster; Cleric; Eldritch Knight; Sorcerer; Wizard","Action","-","Range 18 m / 60 ft Aoe 3m / 10ft (Radius)","DEX Save","1d10 Piercing","Explode a corpse, causing it to impale those around it.","https://bg3.wiki/wiki/Bursting_Sinew"
"Dancing Lights","C","Evocation","Arcane Trickster; Bard; Eldritch Knight; Sorcerer; Wizard","Action","Duration 10 turns","Range 18 m / 60ft Aoe 9m / 30ft (Radius)","-","-","Illuminate a 9 m (30 ft) 9 m (30 ft) radius.","https://bg3.wiki/wiki/Dancing_Lights"
"Eldritch Blast","C","Evocation","Warlock","Action","-","Range 18 m / 60 ft","Attack Roll","1d10 Force","Conjure a beam of crackling energy. Deals 1d10 Force damage to a target.","https://bg3.wiki/wiki/Eldritch_Blast"
"Fire Bolt","C","Evocation","Arcane Trickster; Eldritch Knight; Sorcerer; Wizard","Action","-","Range 18 m / 60ft","Attack Roll","1d10 Fire","Hurl a mote of fire.","https://bg3.wiki/wiki/Fire_Bolt"
"Friends","C","Enchantment","Arcane Trickster; Bard; Eldritch Knight; Sorcerer; Warlock; Wizard","Action","Duration 10 turns","Range 9 m / 30ft","-","-","Gain Advantage on Charisma Checks against a non- hostile creature. This spell can be cast while you are Silenced. Prerequisite In higher difficulty modes, the target might accuse you of enchanting them.","https://bg3.wiki/wiki/Friends"
"Guidance","C","Divination","Cleric; Druid","Action","Duration 10 turns","Range 1.5 m / 5 ft","-","-","The target gains +1d4 bonus to Ability Check Ability Checks.","https://bg3.wiki/wiki/Guidance"
"Light","C","Evocation","Arcane Trickster; Bard; Cleric; Eldritch Knight; Sorcerer; Wizard","Action","Duration Long Rest","Range 1.5 m / 5 ft","-","-","Infuse an object with an aura of light. Prerequisite Only affects one target at a time.","https://bg3.wiki/wiki/Light"
"Mage Hand","C","Conjuration","Arcane Trickster; Bard; Eldritch Knight; Sorcerer; Warlock; Wizard","Action","-","Range 18 m / 60ft","-","-","Create a spectral hand that can manipulate and interact with objects.","https://bg3.wiki/wiki/Mage_Hand"
"Minor Illusion","C","Illusion","Arcane Trickster; Bard; Eldritch Knight; Sorcerer; Warlock; Wizard","Action","-","Range 18 m / 60ft","-","-","Create an illusion that compels nearby creatures to investigate. You can remain hidden while casting this spell. This spell can be cast while you are Silenced.","https://bg3.wiki/wiki/Minor_Illusion"
"Poison Spray","C","Conjuration","Arcane Trickster; Druid; Eldritch Knight; Sorcerer; Warlock; Wizard","Action","-","Range 3 m / 10ft","CON Save","1d12 Poison","Project a puff of noxious gas, dealing 1d12 Poison to a target.","https://bg3.wiki/wiki/Poison_Spray"
"Produce Flame","C","Conjuration","Cleric; Druid","Action","Duration Long Rest","Range Self","-","1d8 Fire","A flame in your hand sheds a light in a 9 m (30 ft) radius and deals 1d8 Fire damage when thrown. Throwing the flame immediately after you conjure it does not cost an Action. Extinguishing or throwing it on subsequent turns costs an action. The throw has a range of 9 m (30 ft).","https://bg3.wiki/wiki/Produce_Flame"
"Ray of Frost","C","Evocation","Arcane Trickster; Eldritch Knight; Sorcerer; Wizard","Action","Duration 1 turn","Range 18 m / 60ft","Attack Roll","1d8 Cold","Reduces the target's Movement Speed by 3 m (10 ft).","https://bg3.wiki/wiki/Ray_of_Frost"
"Resistance (Cantrip)","C","Abjuration","Cleric; Druid","Action","Duration 10 turns","Range 1.5 m / 5 ft","-","-","Make a target more resistant to spell effects and conditions: it receives a +1d4 bonus to Saving Throw Saving Throws.","https://bg3.wiki/wiki/Resistance_(Cantrip)"
"Sacred Flame","C","Evocation","Cleric","Action","-","Range 18 m / 60ft","DEX Save","1d8 Radiant","Engulf a target in a flame-like radiance.","https://bg3.wiki/wiki/Sacred_Flame"
"Shillelagh","C","Transmutation","Druid","Bonus Action","Duration 10 turns","Range Self","-","-","Prerequisite Quarterstaff or Club Required. Your staff or club becomes magical: it deals 1d8 + Spellcasting modifier Bludgeoning damage, and uses your Spellcasting modifier for Attack Roll Attack Rolls.","https://bg3.wiki/wiki/Shillelagh"
"Shocking Grasp","C","Evocation","Arcane Trickster; Eldritch Knight; Sorcerer; Wizard","Action","Duration 1 turn","Range 1.5 m / 5 ft","Attack Roll","1d8 Lightning","The target cannot use Reactions. This spell has Advantage on creatures with metal Armour.","https://bg3.wiki/wiki/Shocking_Grasp"
"Thaumaturgy","C","Transmutation","Cleric","Action","Duration 10 turns","Range Self","-","-","Gain Advantage on Intimidation and Performance Checks.","https://bg3.wiki/wiki/Thaumaturgy"
"Thorn Whip","C","Transmutation","Druid","Action","-","Range 9 m / 30ft","Attack Roll","1d6 Piercing","Pulls the creature 3 m (10 ft) closer to you. Prerequisite The target cannot be pulled if it is Huge in size.","https://bg3.wiki/wiki/Thorn_Whip"
"Toll the Dead","C","Necromancy","Arcane Trickster; Cleric; Eldritch Knight; Warlock; Wizard","Action","-","Range 18 m / 60 ft","WIS Save","1d12 Necrotic","Ring the bell of impending doom. If the target is at full health, you deal 1d8 Necrotic damage instead.","https://bg3.wiki/wiki/Toll_the_Dead"
"True Strike","C","Divination","Arcane Trickster; Bard; Eldritch Knight; Sorcerer; Warlock; Wizard","Action","Duration 2 turns","Range 18 m / 60 ft","-","-","Gain Advantage on your next Attack Roll. This spell can be cast while you are Silenced.","https://bg3.wiki/wiki/True_Strike"
"Vicious Mockery","C","Enchantment","Bard","Action","Duration 1 turn","Range 18 m / 60ft","WIS Save","1d4 Psychic","Insult a creature: it has Disadvantage on its next Attack Roll.","https://bg3.wiki/wiki/Vicious_Mockery"
"Animal Friendship","1","Enchantment","Bard; Druid; Ranger","Action","Duration 10 turns","Range 18 m / 60 ft","WIS Save","-","Convince a beast not to attack you. Prerequisite The creature must have an Intelligence of 3 or less. Prerequisite Condition ends early if you or an ally hurts the target. Prerequisite In higher difficulty modes, the target might become hostile when the spell ends.","https://bg3.wiki/wiki/Animal_Friendship"
"Armour of Agathys","1","Abjuration","Warlock","Action","Duration Long Rest","Range Self","-","5 Cold","Gain 5 temporary hit points 5 temporary hit points and deal 5 Cold damage to any creature that hits you with a melee attack. Prerequisite Can only have Temporary Hit Points from one source.","https://bg3.wiki/wiki/Armour_of_Agathys"
"Arms of Hadar","1","Conjuration","Warlock","Action","Duration 1 turn","Range Self Aoe 3m / 10ft (Radius)","STR Save","2d6 Necrotic","Prevent targets from using reactions.","https://bg3.wiki/wiki/Arms_of_Hadar"
"Bane","1","Enchantment","Bard; Cleric","Action","Duration 10 turns","Range 9 m / 30ft","CHA Save","-","Up to 3 creatures receive a -1d4 penalty to Attack Roll Attack Rolls and Saving Throw Saving Throws.","https://bg3.wiki/wiki/Bane_(spell)"
"Bless","1","Enchantment","Cleric; Paladin","Action","Duration 10 turns","Range 9 m / 30ft","-","-","Bless up to 3 creatures. They gain a +1d4 bonus to Attack Roll Attack Rolls and Saving Throw Saving Throws.","https://bg3.wiki/wiki/Bless"
"Burning Hands","1","Evocation","Eldritch Knight; Sorcerer; Wizard","Action","-","Range Self Aoe 5m / 17ft (Cone)","DEX Save","3d6 Fire","Each flammable target is hit with 3d6 Fire damage.","https://bg3.wiki/wiki/Burning_Hands"
"Charm Person","1","Enchantment","Arcane Trickster; Bard; Druid; Sorcerer; Warlock; Wizard","Action","Duration 10 turns","Range 18 m / 60 ft","WIS Save","-","Charm a humanoid to prevent it from attacking you. You gain Advantage on Charisma Checks in dialogue. Enemies have Advantage on Saving Throw Saving Throws against being Charmed. Prerequisite Condition ends early if you or an ally hurts the target. Prerequisite In higher difficulty modes, the target might accuse you of enchanting them.","https://bg3.wiki/wiki/Charm_Person"
"Chromatic Orb","1","Evocation","Eldritch Knight; Sorcerer; Wizard","Action","-","Range 18 m / 60 ft","Attack Roll","-","Hurl a sphere of energy. It deals 3d8 Thunder damage, or 2d8 Acid, Cold, Fire, Lightning or Poison damage and creates a surface.","https://bg3.wiki/wiki/Chromatic_Orb"
"Colour Spray","1","Illusion","Arcane Trickster; Sorcerer; Wizard","Action","Duration 1 turn","Range Self Aoe 5m / 17ft (Cone)","-","-","Blind creatures up to a combined 33 Hit Points.","https://bg3.wiki/wiki/Colour_Spray"
"Command","1","Enchantment","Cleric; Paladin","Action","-","Range 18 m / 60 ft","WIS Save","-","Command a creature to flee, move closer, freeze, drop to the ground or drop its weapon. The target must succeed on a Wisdom Saving Throw Wisdom Saving Throw in order to resist the effects. Prerequisite No effect on undead.","https://bg3.wiki/wiki/Command"
"Compelled Duel","1","Enchantment","Paladin","Bonus Action","Duration 3 turns","Range 9 m / 30ft","WIS Save","-","Force an enemy to attack only you, giving it Disadvantage against other targets.","https://bg3.wiki/wiki/Compelled_Duel"
"Create or Destroy Water","1","Transmutation","Cleric; Druid","Action","-","Range 9 m / 30ft Aoe 4m / 13ft (Radius)","-","-","Choose to call forth rain or destroy a water-based surface.","https://bg3.wiki/wiki/Create_or_Destroy_Water"
"Cure Wounds","1","Evocation","Bard; Cleric; Druid; Paladin; Ranger","Action","-","Range 1.5 m / 5 ft","-","1d8 + Spellcasting modifier Healing","Heal a creature you can touch. Prerequisite No effect on undead and constructs.","https://bg3.wiki/wiki/Cure_Wounds"
"Disguise Self","1","Illusion","Arcane Trickster; Bard; Sorcerer; Wizard","Action","Duration Long Rest","Range Self","-","-","Magically change all aspects of your appearance.","https://bg3.wiki/wiki/Disguise_Self"
"Dissonant Whispers","1","Enchantment","Bard","Action","Duration 2 turns","Range 18 m / 60 ft","WIS Save","3d6 Psychic","Frighten a creature: they'll have Disadvantage on Ability Check Ability Checks and Attack Roll Attack Rolls and they cannot move.","https://bg3.wiki/wiki/Dissonant_Whispers"
"Divine Favour","1","Evocation","Paladin","Bonus Action","Duration 3 turns","Range Self","-","-","Your prayer empowers you with divine radiance. Your weapons deal an additional 1d4 Radiant damage.","https://bg3.wiki/wiki/Divine_Favour"
"Enhance Leap","1","Transmutation","Druid; Ranger; Sorcerer; Wizard","Action","Duration 10 turns","Range 1.5 m / 5 ft","-","-","Triple a creature's Jumping distance.","https://bg3.wiki/wiki/Enhance_Leap"
"Ensnaring Strike","1","Conjuration","Ranger","Action","Duration 10 turns","-","Attack Roll STR Save","Normal weapon damage 1d6 Piercing","Your attack summons thorny vines that possibly Ensnare your target. Ensnared creatures cannot move and take 1d6 Piercing damage at the start of each turn. An ally can use their Help action to try and tear away the vines.","https://bg3.wiki/wiki/Ensnaring_Strike"
"Entangle","1","Conjuration","Druid","Action","-","Range 18 m / 60 ft Aoe 3m / 10ft (Radius)","STR Save","-","Vines sprout from the ground, turning it into Difficult Terrain and possibly Entangling creatures within. Entangled creatures cannot move. An ally can use its help action to try and tear away the vines.","https://bg3.wiki/wiki/Entangle"
"Expeditious Retreat","1","Transmutation","Sorcerer; Warlock; Wizard","Bonus Action","Duration Long Rest","Range Self","-","-","Gain Dash immediately and as a bonus action on each of your turns until this spell ends.","https://bg3.wiki/wiki/Expeditious_Retreat"
"Faerie Fire","1","Evocation","Bard; Druid","Action","Duration 10 turns","Range 18 m / 60ft Aoe 6m / 20ft (Radius)","DEX Save","-","All targets within the light turn visible, and Attack Roll Attack Rolls against them have Advantage.","https://bg3.wiki/wiki/Faerie_Fire"
"False Life","1","Necromancy","Sorcerer; Wizard","Action","Duration Long Rest","Range Self","-","-","Bolster yourself with a necromantic facsimile of life to gain 7 temporary hit points 7 temporary hit points. Prerequisite Can only have temporary hit points from one source.","https://bg3.wiki/wiki/False_Life"
"Feather Fall","1","Transmutation","Bard; Sorcerer; Wizard","Bonus Action","Duration 10 turns","Range Self Aoe 9m / 30ft (Radius)","-","-","You and nearby allies gain Immunity to Falling damage.","https://bg3.wiki/wiki/Feather_Fall"
"Find Familiar","1","Conjuration","Wizard","Action","-","Range 18 m / 60ft","-","-","Summon a familiar, a fey spirit that takes an animal form of your choosing","https://bg3.wiki/wiki/Find_Familiar"
"Fog Cloud","1","Conjuration","Druid; Ranger; Sorcerer; Wizard","Action","-","Range 18 m / 60ft Aoe 4.5m / 15ft (Radius)","-","-","Create a cloud of dense fog to Heavily Obscure and Blind creatures within.","https://bg3.wiki/wiki/Fog_Cloud"
"Goodberry","1","Transmutation","Druid; Ranger","Action","-","Range 1.5 m / 5 ft","-","-","Conjure four magical berries for yourself or a companion. Creatures who eat a berry regain 1d4 Hit Points. Each berry counts as one Camp Supplies. The berries appear in the targeted creature's inventory and disappear after a Long Rest.","https://bg3.wiki/wiki/Goodberry"
"Grease","1","Conjuration","Wizard","Action","-","Range 18 m / 60ft","DEX Save","-","Cover the ground in flammable grease. It becomes Difficult Terrain and creatures within can fall Prone.","https://bg3.wiki/wiki/Grease"
"Guiding Bolt","1","Evocation","Cleric","Action","Duration 2 turns","Range 18 m / 60ft","Attack Roll","4d6 Radiant","The next attack roll against this target has Advantage.","https://bg3.wiki/wiki/Guiding_Bolt"
"Hail of Thorns","1","Conjuration","Ranger","Bonus Action","-","Range 18 m / 60 ft Aoe 2m / 7ft (Radius)","Attack Roll DEX Save","Normal weapon damage 1d10 Piercing","Shoot a volley of thorns. The thorns deal weapon damage to the target and then explode. The explosion deals an additional 1d10 Piercing damage to the target and surrounding creatures. On miss, the thorns still explode. On save, targets still take half damage from the explosion.","https://bg3.wiki/wiki/Hail_of_Thorns"
"Healing Word","1","Evocation","Bard; Cleric; Druid","Bonus Action","-","Range 18 m / 60ft","-","1d4 + Spellcasting modifier Healing","Heal a creature you can see. Prerequisite No effect on undead and constructs.","https://bg3.wiki/wiki/Healing_Word"
"Hellish Rebuke","1","Evocation","Warlock","Reaction","-","-","-","2d10 Fire","React to your next attacker with flames that deal 2d10 Fire damage. On a successful save, the target still takes half damage.","https://bg3.wiki/wiki/Hellish_Rebuke"
"Heroism","1","Enchantment","Bard; Paladin","Action","Duration 10 turns","Range 1.5 m / 5 ft","-","-","Make yourself or a target immune to Frightened and gain 5 Temporary Hit Points each turn. Prerequisite Can only have Temporary Hit Points from one source.","https://bg3.wiki/wiki/Heroism"
"Hex","1","Enchantment","Warlock","Bonus Action","-","Range 18 m / 60 ft","-","1d6 Necrotic","Make your attacks deal an additional 1d6 Necrotic damage to the target and give it Disadvantage on an Ability of your choosing. If the target dies before the spell ends, you can Reapply Hex to a new creature without expending a Spell Slot.","https://bg3.wiki/wiki/Hex"
"Hunter's Mark","1","Divination","Ranger","Bonus Action","Duration Long Rest","Range 18 m / 60 ft","-","1d6 Weapon","Mark a creature as your quarry to deal an additional 1d6 Weapon damage whenever you hit it with a weapon attack. If the target dies before the spell ends, you can use Reapply Hunter's Mark Reapply Hunter's Mark to mark a new creature.","https://bg3.wiki/wiki/Hunter%27s_Mark"
"Ice Knife","1","Conjuration","Druid; Sorcerer; Wizard","Action","-","Range 18 m / 60ft Aoe 2m / 7ft (Radius)","Attack Roll DEX Save","1d10 Piercing 2d6 Cold","Throw a shard of ice that deals 1d10 Piercing damage. It explodes and deals 2d6 Cold damage to anyone nearby. It leaves an Ice surface. On miss, the shard of ice still explodes. This spell can be cast while you are Silenced.","https://bg3.wiki/wiki/Ice_Knife"
"Inflict Wounds","1","Necromancy","Cleric","Action","-","Range 1.5 m / 5 ft","Attack Roll","3d10 Necrotic","Putrefy a creature with Necrotic energy filling your hands.","https://bg3.wiki/wiki/Inflict_Wounds"
"Longstrider","1","Transmutation","Bard; Druid; Ranger; Wizard","Action","Duration Long Rest","Range 1.5 m / 5 ft","-","-","Increase a creature's Movement Speed by 3 m (10 ft).","https://bg3.wiki/wiki/Longstrider"
"Mage Armour","1","Abjuration","Eldritch Knight; Sorcerer; Wizard","Action","Duration Long Rest","Range 1.5 m / 5 ft","-","-","Surround an unarmoured creature in a protective magical force. Its Armour Class increases to 13 + its Dexterity modifier. This effect does not stack with Unarmoured Defence. Prerequisite The target can't be wearing Armour.","https://bg3.wiki/wiki/Mage_Armour"
"Magic Missile","1","Evocation","Eldritch Knight; Sorcerer; Wizard","Action","-","Range 18 m / 60ft","-","1d4 + 1 Force 1d4 + 1 Force 1d4 + 1 Force","Create three darts of magical force, each dealing 1d4 + 1 Force damage to its target. The darts always hit their target, and can each be targeted individually.","https://bg3.wiki/wiki/Magic_Missile"
"Protection from Evil and Good","1","Abjuration","Cleric; Eldritch Knight; Paladin; Warlock; Wizard","Action","Duration Long Rest","Range 1.5 m / 5 ft","-","-","Protect an ally against the attacks and powers of Aberrations, Celestials, Elementals, Fey, Fiends, and Undead. The targets can't be Charmed, Frightened, or possessed by them [ See: Bugs ], and when these creatures attack it, they have Disadvantage.","https://bg3.wiki/wiki/Protection_from_Evil_and_Good"
"Ray of Sickness","1","Necromancy","Sorcerer; Wizard","Action","Duration 2 turns","Range 18 m / 60 ft","Attack Roll CON Save","2d8 Poison","Possibly Poisons the target.","https://bg3.wiki/wiki/Ray_of_Sickness"
"Sanctuary","1","Abjuration","Cleric","Bonus Action","Duration 10 turns","Range 18 m / 60 ft","-","-","You or an ally cannot be targeted until you attack or harm a creature. You can still take damage from area spells. Until the affected entity attacks or harms another creature, it cannot be targeted by enemy attacks. However, it can still take damage from spells that influence a larger area.","https://bg3.wiki/wiki/Sanctuary"
"Searing Smite","1","Evocation","Paladin","Action","Duration 10 turns","Range Weapon Range","Attack Roll","Normal weapon damage 1d6 Fire 1d6 Fire","Your weapon flares with white-hot intensity. It deals, on top of weapon damage, an extra 1d6 Fire damage and marks the target with Searing Smite.","https://bg3.wiki/wiki/Searing_Smite"
"Shield","1","Abjuration","Eldritch Knight; Sorcerer; Wizard","Reaction","Duration 1 turn","Range Self","-","-","When you are about to be hit by an enemy, use your Reaction to increase your Armour Class by 5. You also take no damage from Magic Missile. These effects last until the start of your next turn.","https://bg3.wiki/wiki/Shield_(spell)"
"Shield of Faith","1","Abjuration","Cleric; Paladin","Bonus Action","Duration Long Rest","Range 18 m / 60 ft","-","-","Surround a creature with a shimmering field of magic that increases its Armour Class by 2.","https://bg3.wiki/wiki/Shield_of_Faith"
"Sleep","1","Enchantment","Arcane Trickster; Bard; Sorcerer; Wizard","Action","Duration 2 turns","Range 18 m / 60 ft","-","-","Put creatures into a magical slumber. Select targets up to a combined 24 Hit Points. Prerequisite The condition ends upon taking damage.","https://bg3.wiki/wiki/Sleep"
"Speak with Animals","1","Divination","Bard; Druid; Ranger","Action","Duration Long Rest","Range Self","-","-","Gain the ability to comprehend and communicate with beasts.","https://bg3.wiki/wiki/Speak_with_Animals"
"Tasha's Hideous Laughter","1","Enchantment","Arcane Trickster; Bard; Wizard","Action","Duration 10 turns","Range 18 m / 60ft","WIS Save","-","Leave a creature Prone with laughter, without the ability to get up. Prerequisite The creature must have an Intelligence of 5 or more. Prerequisite The target can try to shake off the effect each time it takes damage.","https://bg3.wiki/wiki/Tasha%27s_Hideous_Laughter"
"Thunderous Smite","1","Evocation","Paladin","Action","Duration 1 turn","Range Weapon Range","Attack Roll STR Save","Normal weapon damage 2d6 Thunder","Your melee weapon rings with thunder as you strike, pushing your target 3 m (10 ft) away and possibly knocking them Prone.","https://bg3.wiki/wiki/Thunderous_Smite"
"Thunderwave","1","Evocation","Bard; Druid; Eldritch Knight; Sorcerer; Wizard","Action","-","Range 1.5 m / 5 ft Aoe 5m / 17ft (Cube)","CON Save","2d8 Thunder","Release a wave of thunderous force that pushes away all creatures and objects in an area, while also dealing Thunder damage.","https://bg3.wiki/wiki/Thunderwave"
"Witch Bolt","1","Evocation","Eldritch Knight; Sorcerer; Warlock; Wizard","Action","Duration 10 turns","Range 18 m / 60 ft","Attack Roll","1d12 Lightning","Link yourself to a target with a bolt of lightning. Deal an additional 1d12 Lightning each turn by activating it.","https://bg3.wiki/wiki/Witch_Bolt"
"Wrathful Smite","1","Evocation","Paladin","Action","Duration 2 turns","Range Weapon Range","Attack Roll WIS Save","Normal weapon damage 1d6 Psychic","Your weapon absorbs your wrath as you strike, possibly Frightening your target.","https://bg3.wiki/wiki/Wrathful_Smite"
"Aid","2","Abjuration","Cleric; Paladin","Action","Duration Long Rest","Range Self Aoe 9m / 30ft (Radius)","-","-","Bolster your allies with toughness and resolve to heal and increase their Hit Points maximum.","https://bg3.wiki/wiki/Aid"
"Arcane Lock","2","Abjuration","Eldritch Knight; Wizard","Action","Duration 10 turns","Range 1.5 m / 5 ft","-","-","Close a door or container with a magical lock. It can no longer be lockpicked or opened with Knock.","https://bg3.wiki/wiki/Arcane_Lock"
"Barkskin","2","Transmutation","Druid; Ranger","Action","Duration Long Rest","Range 1.5 m / 5 ft","-","-","Touch a willing creature to toughen its skin and increase its Armour Class up to 16.","https://bg3.wiki/wiki/Barkskin"
"Blindness","2","Necromancy","Bard; Cleric; Sorcerer; Wizard","Action","Duration 10 turns","Range 18 m / 60 ft","CON Save","-","Limit a foe's sight range. It is easier to hit, and the creature will miss more often. Attack Roll Attack Rolls against it have Advantage and the foe attacks with Disadvantage.","https://bg3.wiki/wiki/Blindness"
"Blur","2","Illusion","Arcane Trickster; Sorcerer; Wizard","Action","Duration 10 turns","Range Self","-","-","Attackers have Disadvantage on Attack Roll Attack Rolls against you. Doesn't affect creatures that don't rely on sight or that can see through illusions.","https://bg3.wiki/wiki/Blur"
"Branding Smite","2","Evocation","Paladin","Action","Duration 10 turns","Range Weapon Range","Attack Roll","Normal weapon damage 2d6 Radiant","Your weapon gleams with astral radiance as you strike and possibly mark your targets with light, preventing it from turning Invisible.","https://bg3.wiki/wiki/Branding_Smite"
"Calm Emotions","2","Enchantment","Bard; Cleric","Action","Duration 10 turns","Range 18 m / 60 ft Aoe 6m / 20ft (Radius)","-","-","Humanoids can't be Charmed, Frightened, or become enraged. [ See: Bugs ]","https://bg3.wiki/wiki/Calm_Emotions"
"Cloud of Daggers","2","Conjuration","Bard; Sorcerer; Warlock; Wizard","Action","-","Range 18 m / 60 ft","-","4d4 Slashing","Conjure a cloud of spinning daggers that attack anyone inside.","https://bg3.wiki/wiki/Cloud_of_Daggers"
"Crown of Madness","2","Enchantment","Arcane Trickster; Bard; Sorcerer; Warlock; Wizard","Action","Duration 3 turns","Range 18 m / 60ft","WIS Save","-","Instil madness in a humanoid enemy, making them attack the creature closest to them (other than you), even if it's allied. At the end of each turn, the affected creature can make a Wisdom Saving Throw Wisdom Saving Throw to end this condition.","https://bg3.wiki/wiki/Crown_of_Madness"
"Darkness","2","Evocation","Eldritch Knight; Sorcerer; Warlock; Wizard","Action","-","Range 18 m / 60 ft","-","-","Create a cloud of magical darkness that Heavily Obscures and inflicts Blind to creatures within. Creatures cannot make ranged attacks into or out of it.","https://bg3.wiki/wiki/Darkness"
"Darkvision","2","Transmutation","Druid; Ranger; Sorcerer; Wizard","Action","Duration Long Rest","Range 1.5 m / 5 ft","-","-","Grant a creature the ability to see in the dark out to a range of {12 m (40 ft).","https://bg3.wiki/wiki/Darkvision_(spell)"
"Detect Thoughts","2","Divination","Bard; Sorcerer; Wizard","Action","Duration Long Rest","Range Self","-","-","Focus your mind to read the thoughts of certain creatures while talking to them.","https://bg3.wiki/wiki/Detect_Thoughts"
"Enhance Ability","2","Transmutation","Bard; Cleric; Druid; Sorcerer","Action","-","Range 1.5 m / 5 ft","-","-","Bestow a magical enchantment upon an ally. They gain Advantage on Ability Checks with a chosen Ability.","https://bg3.wiki/wiki/Enhance_Ability"
"Enlarge/Reduce","2","Transmutation","Sorcerer; Wizard","Action","-","Range 9 m / 30ft","-","-","Make a creature larger or smaller. Either option has a duration of 10 turns. This affects their weapon damage and Strength Checks and Saving Throw Saving Throws.","https://bg3.wiki/wiki/Enlarge/Reduce"
"Enthrall","2","Enchantment","Bard; Warlock","Action","Duration 10 turns","Range 6 m / 20ft","WIS Save","-","Reduce a creature's peripheral vision and make it look at you.","https://bg3.wiki/wiki/Enthrall"
"Flame Blade","2","Evocation","Druid","Bonus Action","-","Range Self","-","-","Conjure a flaming Scimitar in your hand for 10 turns that deals 3d6 Fire damage. It sheds a bright light in a 3 m (10 ft) radius and a dim light in a 6 m (20 ft) radius. The blade can be unequipped and equipped again, but must stay on the spellcaster's person.","https://bg3.wiki/wiki/Flame_Blade"
"Flaming Sphere","2","Conjuration","Druid; Wizard","Action","-","Range 18 m / 60 ft Aoe 2m / 7ft (Radius)","DEX Save","2d6 Fire","Summon a Flaming Sphere that deals 2d6 Fire damage to nearby enemies and objects. It also sheds bright light in a 6 m (20 ft) radius, and dim light for an additional 6 m (20 ft). You can move the sphere. You can remain hidden while casting this spell.","https://bg3.wiki/wiki/Flaming_Sphere"
"Gust of Wind","2","Evocation","Druid; Eldritch Knight; Sorcerer; Wizard","Action","Duration 1 turn","Range Self Aoe 12m / 40ft","STR Save","-","Summon a strong wind that clears all clouds. Any creatures caught in the gale who fail a Strength Saving Throw will be pushed back 5 m (17 ft) and be thrown Off Balance.","https://bg3.wiki/wiki/Gust_of_Wind"
"Heat Metal","2","Transmutation","Bard; Druid","Action","-","Range 18 m / 60 ft","CON Save","2d8 Fire","Cause a metal weapon or armour to glow red-hot and force the wearer to let go or receive Disadvantage on Attack Roll Attack Rolls and Ability Checks. If the creature is only wearing metal armour, it always receives Disadvantage. If the creature is still touching the metal, you can use a bonus action on subsequent turns to deal another 2d8 Fire and force the creature to let go or receive Disadvantage.","https://bg3.wiki/wiki/Heat_Metal"
"Hold Person","2","Enchantment","Arcane Trickster; Bard; Cleric; Druid; Sorcerer; Warlock; Wizard","Action","Duration 10 turns","Range 18 m / 60 ft","WIS Save","-","Hold a humanoid enemy still. They can't Move, Act, or React. Attacks from within 3 m (10 ft) are always Critical Hits. At the end of each turn, the affected creature can make a Wisdom Saving Throw Wisdom Saving Throw to end this condition.","https://bg3.wiki/wiki/Hold_Person"
"Invisibility","2","Illusion","Arcane Trickster; Bard; Sorcerer; Warlock; Wizard","Action","Duration 10 turns","Range 1.5 m / 5 ft","-","-","Touch a creature to turn it Invisible. Attacks against it have Disadvantage. It attacks with Advantage. Invisibility ends early if the invisible entity attacks, casts another spell, interacts with an object, takes an action or bonus action, or is damaged. [ See Notes ] Prerequisite Condition ends early if the creature attacks or casts a spell.","https://bg3.wiki/wiki/Invisibility_(spell)"
"Knock","2","Transmutation","Bard; Sorcerer; Wizard","Action","-","Range 18 m / 60 ft","-","-","Unlock an object that is held shut by a mundane lock.","https://bg3.wiki/wiki/Knock"
"Lesser Restoration","2","Abjuration","Bard; Cleric; Druid; Paladin; Ranger","Action","-","Range 1.5 m / 5 ft","-","-","Cure a creature from Diseased, Poisoned, Paralysis, or Blinded.","https://bg3.wiki/wiki/Lesser_Restoration"
"Magic Weapon","2","Transmutation","Paladin; Wizard","Action","Duration Long Rest","Range 1.5 m / 5 ft","-","-","Infuse a weapon with arcane energy. The weapon becomes magical, receiving a +1 bonus to Attack Roll Attack Rolls and Damage Rolls.","https://bg3.wiki/wiki/Magic_Weapon"
"Melf's Acid Arrow","2","Evocation","Eldritch Knight; Wizard","Action","Duration 1 turn","Range 18 m / 60 ft","Attack Roll","4d4 Acid 2d4 Acid","Shoot a green arrow that bursts in a spray of acid. Deals 4d4 Acid damage immediately and 2d4 Acid damage at the end of the target's next turn. If the spell misses, the target still takes half the initial damage, but no damage at the end of its next turn.","https://bg3.wiki/wiki/Melf%27s_Acid_Arrow"
"Mirror Image","2","Illusion","Arcane Trickster; Sorcerer; Warlock; Wizard","Action","Duration 10 turns","Range Self","-","-","Create 3 illusory duplicates of yourself to distract attackers. Each duplicate increases your Armour Class by 3. Whenever you successfully evade an attack, one of the duplicates disappears.","https://bg3.wiki/wiki/Mirror_Image"
"Misty Step","2","Conjuration","Sorcerer; Warlock; Wizard","Bonus Action","-","Range 18 m / 60ft","-","-","Surrounded by silver mist, you teleport to an unoccupied space you can see.","https://bg3.wiki/wiki/Misty_Step"
"Moonbeam","2","Evocation","Druid","Action","-","Range 18 m / 60 ft Aoe 1m / 3ft (Radius)","CON Save","2d10 Radiant","Call down a beam of light that damages any creatures that enters the beam or starts its turn in the light. You can use an Action to move the beam 18 m (60 ft).","https://bg3.wiki/wiki/Moonbeam"
"Pass Without Trace","2","Abjuration","Druid; Ranger","Action","Duration Long Rest","Range Self Aoe 9m / 30ft (Radius)","-","-","Call forth a veil of shadow and silence that gives you and nearby allies a +10 bonus to Stealth Check Stealth Checks.","https://bg3.wiki/wiki/Pass_Without_Trace"
"Phantasmal Force","2","Illusion","Arcane Trickster; Bard; Sorcerer; Wizard","Action","Duration 10 turns","Range 18 m / 60 ft","INT Save","-","Deal damage to a creature each turn. At the start of its turn, it takes Psychic damage. Each subsequent time it takes damage, the damage type of Phantasmal Force changes to match that damage type.","https://bg3.wiki/wiki/Phantasmal_Force"
"Prayer of Healing","2","Evocation","Cleric","Action","-","Range Self Aoe 9m / 30ft (Radius)","-","2d8 + Spellcasting modifier Healing","Heal all allies you can see within range. Prerequisite Can only be used outside of combat. Prerequisite No effect on undead and constructs.","https://bg3.wiki/wiki/Prayer_of_Healing"
"Protection from Poison","2","Abjuration","Cleric; Druid; Paladin; Ranger","Action","Duration Long Rest","Range 1.5 m / 5 ft","-","-","Touch a creature to neutralise all poisons affecting it, and grant it protection against poisonous influences. Grants Advantage on Saving Throw Saving Throws against being Poisoned, and Resistance to Poison damage.","https://bg3.wiki/wiki/Protection_from_Poison"
"Ray of Enfeeblement","2","Necromancy","Warlock; Wizard","Action","Duration 10 turns","Range 18 m / 60 ft","Attack Roll","-","Weaken a foe: they deal half damage with weapon attacks using Strength.","https://bg3.wiki/wiki/Ray_of_Enfeeblement"
"Scorching Ray","2","Evocation","Eldritch Knight; Sorcerer; Wizard","Action","-","Range 18 m / 60 ft","Attack Roll","2d6 Fire 2d6 Fire 2d6 Fire","Hurl 3 rays of fire. Each ray deals 2d6 Fire damage.","https://bg3.wiki/wiki/Scorching_Ray"
"See Invisibility","2","Divination","Bard; Sorcerer; Wizard","Action","Duration Long Rest","Range Self Aoe 9m / 30ft (Radius)","DEX Save","-","Become able to see Invisible creatures, and possibly reveal them to others.","https://bg3.wiki/wiki/See_Invisibility_(spell)"
"Shadow Blade","2","Illusion","Sorcerer; Warlock; Wizard","Bonus Action","-","Range Self","-","2d8 + Strength or Dexterity modifier Psychic","Weave a shadowy shortsword in your hand that deals 2d8 Psychic damage. When you use the sword to attack a target that is in dim light or darkness, you make the Attack Roll with Advantage. The shadow blade can be unequipped and equipped again, but must remain on the spellcaster's person. [ See: Bugs ]","https://bg3.wiki/wiki/Shadow_Blade"
"Shatter","2","Evocation","Bard; Eldritch Knight; Sorcerer; Warlock; Wizard","Action","-","Range 18 m / 60 ft Aoe 3m / 10ft (Radius)","CON Save","3d8 Thunder","Damages all nearby creatures and objects. Creatures made of inorganic material such as stone have Disadvantage on their Saving Throw.","https://bg3.wiki/wiki/Shatter"
"Silence","2","Illusion","Bard; Cleric; Ranger","Action","-","Range 18 m / 60ft","-","-","Create a sound-proof sphere. All within are Silenced and Immune to Thunder damage. Prerequisite Using this spell might turn targets hostile.","https://bg3.wiki/wiki/Silence"
"Spike Growth","2","Transmutation","Druid; Ranger","Action","-","Range 18 m / 60 ft","-","2d4 Piercing","Shape a piece of ground into hard spikes. A creature walking on the spikes takes 2d4 Piercing damage for every 1.5 m (5 ft) it moves. The spikes are Difficult Terrain, halving a creature's Movement Speed.","https://bg3.wiki/wiki/Spike_Growth"
"Spiritual Weapon","2","Evocation","Cleric","Bonus Action","-","Range 18 m / 60 ft","-","1d8 + 1 + Spellcasting modifier Force","Summon a floating, spectral weapon that attacks your enemies alongside you.","https://bg3.wiki/wiki/Spiritual_Weapon"
"Warding Bond","2","Abjuration","Cleric","Action","Duration Long Rest","Range 1.5 m / 5 ft","-","-","Ward an ally. They gain resistance to all damage, and a +1 bonus to their Armour Class and Saving Throw Saving Throws.","https://bg3.wiki/wiki/Warding_Bond"
"Web","2","Conjuration","Sorcerer; Wizard","Action","-","Range 18 m / 60 ft Aoe 4m / 13ft (Radius)","DEX Save","-","Cover an area in thick, flammable webbing that can Enweb creatures within. An ally can use its Help action to try and tear away the webs.","https://bg3.wiki/wiki/Web"
"Animate Dead","3","Necromancy","Cleric; Wizard","Action","-","Range 3 m / 10ft","-","-","Animate a corpse to create an undead servant while not in combat. Prerequisite The target must be a Medium or Small corpse.","https://bg3.wiki/wiki/Animate_Dead"
"Beacon of Hope","3","Abjuration","Cleric","Action","Duration 10 turns","Range Self Aoe 9m / 30ft (Radius)","-","-","Your allies will regain the maximum Hit Points possible when healed. They also gain Advantage on Wisdom Saving Throw Saving Throws and Death Saving Throws.","https://bg3.wiki/wiki/Beacon_of_Hope"
"Bestow Curse","3","Necromancy","Bard; Cleric; Wizard","Action","-","Range 1.5 m / 5 ft","WIS Save","-","Curse a creature with your touch. The curse either bestows Disadvantage on Ability Check Ability Checks and Saving Throw Saving Throws, Disadvantage on Attack Roll Attack Rolls, lets you deal additional damage to the target, or robs it of its Actions. The effect of the curse is based on the variant selected and lasts for 10 turns.","https://bg3.wiki/wiki/Bestow_Curse"
"Blinding Smite","3","Evocation","Paladin","Action","Duration 10 turns","Range Weapon Range","Attack Roll CON Save","Normal weapon damage 3d8 Radiant","Evoke a heavenly flare and possibly Blind your target","https://bg3.wiki/wiki/Blinding_Smite"
"Blink","3","Transmutation","Sorcerer; Wizard","Action","Duration 10 turns","Range Self","-","-","At the end of your turn, roll a d20. On 11 or higher, you vanish into the Ethereal Plane. While there, you can't be harmed or seen in this world. When you do vanish, your presence here is a representation of the location you'll come back to. You can choose to teleport it up to 6 m (20 ft). Warning Available only in combat.","https://bg3.wiki/wiki/Blink"
"Call Lightning","3","Conjuration","Druid","Action","Duration 10 turns","Range 18 m / 60ft Aoe 2m / 7ft (Radius)","DEX Save","3d10 Lightning","Lightning strikes all targets within the area of effect for 3d10 Lightning damage. Then for 10 turns, you can call down lightning again without expending a spell slot.","https://bg3.wiki/wiki/Call_Lightning"
"Conjure Barrage","3","Conjuration","Ranger","Action","-","Range Self Aoe 9m / 30ft (Cone)","DEX Save","Normal weapon damage 2d8 Weapon","Channel your weapon's essence into a destructive, widespread volley.","https://bg3.wiki/wiki/Conjure_Barrage"
"Counterspell","3","Abjuration","Sorcerer; Warlock; Wizard","Reaction","-","-","-","-","Try to stop a spell being cast. If it is higher level than the spell slot you used to Counterspell, you must make a check using your spellcasting ability [ See: Bugs ] to prevent it. The check's difficulty is equal to 10 plus the level of the spell you are trying to counter. This spell can be cast while you are Silenced.","https://bg3.wiki/wiki/Counterspell"
"Crusader's Mantle","3","Evocation","Paladin","Action","Duration 10 turns","Range Self Aoe 9m / 30ft (Radius)","-","1d4 Radiant","Radiate a holy power that emboldens you and nearby allies. Their weapon attacks deal an additional 1d4 Radiant damage.","https://bg3.wiki/wiki/Crusader%27s_Mantle"
"Daylight","3","Evocation","Cleric; Druid; Paladin; Ranger; Sorcerer","Action","Duration Long Rest","Range 18 m / 60 ft","-","-","Enchant an item to shine like the sun or summon a sphere of sunlight that dispels all darkness around it. Items can only be enchanted with Daylight for 20 turns. [ See: Bugs ]","https://bg3.wiki/wiki/Daylight"
"Elemental Weapon","3","Transmutation","Paladin","Action","-","Range 18 m / 60 ft","-","-","Imbue a weapon with elemental power. It receives a +1 bonus to Attack Roll Attack Rolls and deals an additional 1d4 damage of your choice.","https://bg3.wiki/wiki/Elemental_Weapon"
"Fear","3","Illusion","Bard; Sorcerer; Warlock; Wizard","Action","Duration 2 turns","Range Self Aoe 9m / 30ft (Cone)","WIS Save","-","Hostile targets drop everything and become Fearful: they have Disadvantage on Ability Checks and Attack Rolls. If the target ends their turn where they can't see you, they can make another Saving Throw to shake off their fear.","https://bg3.wiki/wiki/Fear"
"Feign Death","3","Necromancy","Bard; Cleric; Druid; Wizard","Action","Duration 10 turns","Range 1.5 m / 5ft","-","-","Put an ally in a protective coma. They become Resistant to all damage except Psychic. Disease and poison no longer have any effect. Removed when Helped.","https://bg3.wiki/wiki/Feign_Death"
"Fireball","3","Evocation","Sorcerer; Wizard","Action","-","Range 18 m / 60ft Aoe 4m / 13ft (Radius)","DEX Save","8d6 Fire","Shoot a bright flame from your fingers that explodes upon contact, torching everything in the vicinity for 8d6 Fire damage.","https://bg3.wiki/wiki/Fireball"
"Gaseous Form","3","Transmutation","Sorcerer; Warlock; Wizard","Action","Duration Long Rest","Range 1.5 m / 5 ft","-","-","Transform yourself or an ally into a tiny gas cloud. It can't fall, and fits through small openings. It is very hard to damage. The cloud has Advantage on Constitution, Dexterity, and Strength Saving Throw Saving Throws. Prerequisite While transformed, the target won't be able to attack, cast spells, or talk.","https://bg3.wiki/wiki/Gaseous_Form"
"Glyph of Warding","3","Abjuration","Bard; Cleric; Wizard","Action","-","Range 9 m / 30ft Aoe 4m / 13ft (Radius)","DEX Save","-","Inscribe a circle of arcane glyphs on the ground. When stepped on by an enemy the selected magical effect will trigger. The glyph will last until triggered, or until a Long Rest. Prerequisite Only one glyph can be active at a time.","https://bg3.wiki/wiki/Glyph_of_Warding"
"Grant Flight","3","Transmutation","Sorcerer; Warlock; Wizard","Action","Duration 10 turns","Range 1.5 m / 5 ft","-","-","Bestow the ability to Fly upon yourself or an ally.","https://bg3.wiki/wiki/Grant_Flight"
"Haste","3","Transmutation","Sorcerer; Wizard","Action","Duration 10 turns","Range 9 m / 30ft","-","-","Target yourself or an ally to become Hastened. The creature has a +2 bonus to Armour Class, Advantage on Dexterity Saving Throw Saving Throws, its Movement Speed is doubled, and can take one additional Action per turn. Prerequisite When the condition ends, the creature becomes Lethargic.","https://bg3.wiki/wiki/Haste"
"Hunger of Hadar","3","Conjuration","Warlock","Action","-","Range 18 m / 60 ft Aoe 6m / 20ft (Radius)","DEX Save","2d6 Cold 2d6 Acid","Creatures within this black sphere are Blinded and take damage at the end of their turn and the start of their turn. Creatures starting their turn in the area take 2d6 Cold damage. Creatures ending their turn in the area possibly take 2d6 Acid damage. The area is Difficult Terrain.","https://bg3.wiki/wiki/Hunger_of_Hadar"
"Hypnotic Pattern","3","Illusion","Bard; Sorcerer; Warlock; Wizard","Action","Duration 2 turns","Range 18 m / 60 ft Aoe 9m / 30ft (Radius)","WIS Save","-","Hypnotise creatures that can see the pattern. They cannot attack you. They cannot move nor act. This spell can be cast while you are Silenced.","https://bg3.wiki/wiki/Hypnotic_Pattern"
"Lightning Arrow","3","Transmutation","Ranger","Action","-","Range 18 m / 60 ft Aoe 3m / 10ft (Radius)","Attack Roll DEX Save","4d8 Lightning 2d8 Lightning","After the arrow hits, smaller bolts snake out from the target towards nearby creatures.","https://bg3.wiki/wiki/Lightning_Arrow"
"Lightning Bolt","3","Evocation","Sorcerer; Wizard","Action","-","Range Self Aoe 30m / 100ft","DEX Save","8d6 Lightning","Call forth a blast of lightning that hits all creatures in the line of the eruption.","https://bg3.wiki/wiki/Lightning_Bolt"
"Mass Healing Word","3","Evocation","Cleric","Bonus Action","-","Range Self Aoe 18m / 60ft (Radius)","-","1d4 + Spellcasting modifier Healing","Heal your nearby allies. Prerequisite No effect on undead and constructs.","https://bg3.wiki/wiki/Mass_Healing_Word"
"Plant Growth","3","Transmutation","Bard; Druid; Ranger","Action","-","Range 18 m / 60 ft","-","-","Make weeds burst from the ground and smother the area. Creatures moving through the weeds have their Movement Speed quartered.","https://bg3.wiki/wiki/Plant_Growth"
"Protection from Energy","3","Abjuration","Cleric; Druid; Ranger; Sorcerer; Wizard","Action","-","Range 1.5 m / 5 ft","-","-","Touch a creature to grant it Resistance to Acid, Cold, Fire, Lightning, or Thunder damage.","https://bg3.wiki/wiki/Protection_from_Energy"
"Remove Curse","3","Abjuration","Cleric; Paladin; Warlock; Wizard","Action","-","Range 1.5 m / 5 ft","-","-","Touch a creature or object to remove all Curses and Hexes affecting it.","https://bg3.wiki/wiki/Remove_Curse"
"Revivify","3","Necromancy","Cleric; Paladin","Action","-","Range 9 m / 30ft Aoe 9m / 30ft (Radius)","-","-","Revive a companion. They return to life with 1 hit point.","https://bg3.wiki/wiki/Revivify"
"Sleet Storm","3","Conjuration","Druid; Sorcerer; Wizard","Action","-","Range 18 m / 60ft","CON Save","-","Call forth a storm that douses fire, creates an Ice surface, and forces spellcasters to succeed at a Concentration Saving Throw in order to maintain Concentration. Ice is a surface that is considered Difficult Terrain. Creatures moving through it have their Movement Speed halved, and will fall Prone on a failed Dexterity Saving Throw.","https://bg3.wiki/wiki/Sleet_Storm"
"Slow","3","Transmutation","Sorcerer; Wizard","Action","Duration 10 turns","Range 18 m / 60 ft","WIS Save","-","Alter time around up to 6 enemies to Slow them. They won't get far, they can't do much, and they're easier to hit.","https://bg3.wiki/wiki/Slow"
"Speak with Dead","3","Necromancy","Bard; Cleric","Action","Duration Long Rest","Range 9 m / 30ft","-","-","Grant a semblance of life to a corpse, allowing it to answer questions. Skeletons and creatures killed with Acid, Fire, Lightning, Necrotic, Radiant damage no longer have a mouth and can't be made to talk using this spell. Doesn't work on Undead.","https://bg3.wiki/wiki/Speak_with_Dead"
"Spirit Guardians","3","Conjuration","Cleric","Action","-","Range Self Aoe 3m / 10ft (Radius)","WIS Save","-","Call forth spirits to protect you. Nearby enemies take 3d8 Radiant or 3d8 Necrotic damage per turn, and their Movement Speed is halved. Prerequisite Caster can't become Invisible while Concentrating on this spell.","https://bg3.wiki/wiki/Spirit_Guardians"
"Stinking Cloud","3","Conjuration","Bard; Sorcerer; Wizard","Action","-","Range 18 m / 60 ft","CON Save","-","Create a cloud of gas so nauseating it prevents creatures from taking actions.","https://bg3.wiki/wiki/Stinking_Cloud"
"Vampiric Touch","3","Necromancy","Warlock; Wizard","Action","Duration 10 turns","Range 1.5 m / 5 ft","Attack Roll","3d6 Necrotic","Touch an enemy to siphon their life force and regain half as many Hit Points. For 10 turns, you can use Vampiric Touch again without expending an additional Spell Slot.","https://bg3.wiki/wiki/Vampiric_Touch"
"Warden of Vitality","3","Evocation","Paladin","Action","Duration 10 turns","Range Self","-","-","While this aura lasts, you can cast Restore Vitality as a Bonus Action to heal yourself or nearby allies by 2d6 Hit Points.","https://bg3.wiki/wiki/Warden_of_Vitality"
"Banishment","4","Abjuration","Cleric; Sorcerer; Warlock; Wizard","Action","Duration 2 turns","Range 18 m / 60 ft","CHA Save","-","Temporarily Banish your target to another plane of existence.","https://bg3.wiki/wiki/Banishment"
"Blight","4","Necromancy","Druid; Sorcerer; Warlock; Wizard","Action","-","Range 9 m / 30ft","CON Save","8d8 Necrotic","Deals 8d8 Necrotic damage to a target. Plants take maximum damage from this spell, and have Disadvantage on the Saving Throw against it. Prerequisite No effect on undead and constructs.","https://bg3.wiki/wiki/Blight"
"Confusion","4","Enchantment","Bard; Druid; Sorcerer; Wizard","Action","Duration 3 turns","Range 18 m / 60 ft Aoe 6m / 20ft (Radius)","WIS Save","-","Befuddle a group of creatures, causing them to attack at random, wander around aimlessly, and occasionally skip turns in the stupor.","https://bg3.wiki/wiki/Confusion"
"Conjure Minor Elemental","4","Conjuration","Druid; Wizard","Action","-","Range 18 m / 60ft","-","-","Conjure a minor elemental to fight alongside you.","https://bg3.wiki/wiki/Conjure_Minor_Elemental"
"Conjure Woodland Being","4","Conjuration","Druid","Action","-","Range 18 m / 60 ft","-","-","Conjure a dryad to fight alongside you. She can use Nature's Step, Entangle enemies, and Summon a wood woad.","https://bg3.wiki/wiki/Conjure_Woodland_Being"
"Death Ward","4","Abjuration","Cleric","Action","Duration Long Rest","Range 1.5 m / 5 ft","-","-","Protect a creature from death. The next time damage would reduce it to 0 Hit Points, it remains conscious with 1 Hit Point left.","https://bg3.wiki/wiki/Death_Ward"
"Dimension Door","4","Conjuration","Bard; Sorcerer; Warlock; Wizard","Action","-","Range 50 m / 167ft","-","-","Teleport yourself and up to one adjacent ally to a place you can see. The ally cannot be larger than Medium.","https://bg3.wiki/wiki/Dimension_Door"
"Dominate Beast","4","Enchantment","Druid; Sorcerer","Action","Duration 10 turns","Range 18 m / 60ft","WIS Save","-","Make a beast fight alongside you. Every time the Beast takes damage, it makes a Wisdom Saving Throw against your domination.","https://bg3.wiki/wiki/Dominate_Beast"
"Evard's Black Tentacles","4","Conjuration","Wizard","Action","-","Range 18 m / 60ft Aoe 6m / 20ft (Radius)","STR Save","3d6 Bludgeoning","Tentacles sprout from the ground, turning the area into Difficult Terrain, attacking and Smothering creatures within.","https://bg3.wiki/wiki/Evard%27s_Black_Tentacles"
"Fire Shield","4","Evocation","Wizard","Action","-","Range Self","-","-","Wreathe your body in flames that shed light in a 3 m (10 ft) radius, provide Resistance to Fire or Cold damage, and retaliate against melee attacks.","https://bg3.wiki/wiki/Fire_Shield"
"Freedom of Movement","4","Abjuration","Bard; Cleric; Druid","Action","Duration Long Rest","Range 1.5 m / 5 ft","-","-","Snap an ally out of any Stun. Difficult Terrain can't slow them down, and they can't be magically Paralysed or Restrained. If the target is restrained by non-magical means, it can spend 1.5 m (5 ft) of Movement to free itself.","https://bg3.wiki/wiki/Freedom_of_Movement"
"Grasping Vine","4","Conjuration","Druid","Bonus Action","-","Range 9 m / 30ft","-","-","Summon a giant vine capable of dragging creatures toward itself.","https://bg3.wiki/wiki/Grasping_Vine"
"Greater Invisibility","4","Illusion","Bard; Sorcerer; Wizard","Action","Duration 10 turns","Range 1.5 m / 5ft","-","-","Turn a creature Invisible. Attacks against it have Disadvantage. It attacks with Advantage. Invisibility breaks when you fail increasingly harder Stealth Check Stealth Checks on attacking, casting spells, or interacting with items.","https://bg3.wiki/wiki/Greater_Invisibility"
"Guardian of Faith","4","Conjuration","Cleric","Action","-","Range 9 m / 30ft","-","-","Call forth a divine guardian that attacks nearby enemies. Every time it deals damage, the guardian loses an equal amount of Hit Points.","https://bg3.wiki/wiki/Guardian_of_Faith"
"Ice Storm","4","Evocation","Druid; Sorcerer; Wizard","Action","-","Range 18 m / 60ft Aoe 6m / 20ft (Radius)","DEX Save","2d8 Bludgeoning 4d6 Cold","Impel a storm of hail and ice to crash from the sky, covering the ground and striking all objects and creatures within range, dealing Bludgeoning and Cold damage. It also creates an Ice surface that lasts 2 turns.","https://bg3.wiki/wiki/Ice_Storm"
"Otiluke's Resilient Sphere","4","Evocation","Wizard","Action","Duration 3 turns","Range 9 m / 30ft","-","-","Enclose a target in a sphere of shimmering force, reducing its movement speed by half, and blocking all incoming and spell effects. The sphere reduces the target's movement speed by half, and also prevents it from casting spells or dealing damage. Prerequisite The target can't be Huge in size.","https://bg3.wiki/wiki/Otiluke%27s_Resilient_Sphere"
"Phantasmal Killer","4","Illusion","Wizard","Action","Duration 10 turns","Range 18 m / 60 ft","WIS Save","4d10 Psychic","Haunt a creature with illusions of its greatest fears. It takes 4d10 Psychic Damage per turn, cannot move, has Disadvantage on Ability Checks and Attack Rolls","https://bg3.wiki/wiki/Phantasmal_Killer"
"Polymorph","4","Transmutation","Bard; Druid; Sorcerer; Wizard","Action","Duration 5 turns","Range 18 m / 60ft","WIS Save","-","Transform a creature into a harmless sheep. If the sheep's Hit Points drop to 0, the target reverts to its original form with its original Hit Points.","https://bg3.wiki/wiki/Polymorph"
"Stoneskin","4","Abjuration","Druid; Sorcerer; Wizard","Action","Duration Long Rest","Range 1.5 m / 5 ft","-","-","Turn a creature's flesh hard as stone. It takes only half the damage of all non-magical Bludgeoning, Piercing, and Slashing damage.","https://bg3.wiki/wiki/Stoneskin"
"Wall of Fire","4","Evocation","Druid; Sorcerer; Wizard","Action","-","Range 18 m / 60ft","DEX Save","5d8 Fire","Create a blazing wall of fire, Burning anyone who dares stand too close. Deals Fire to anything that moves into or ends its turn in the area.","https://bg3.wiki/wiki/Wall_of_Fire"
"Cloudkill","5","Conjuration","Sorcerer; Wizard","Action","-","Range 18 m / 60ft","-","5d8 Poison","Craft a large cloud that inflicts 5d8 Poison damage per turn. You can reposition the cloud every turn. The cloud Heavily Obscures everything within it.","https://bg3.wiki/wiki/Cloudkill"
"Cone of Cold","5","Evocation","Sorcerer; Wizard","Action","-","Range Self Aoe 9m / 30ft (Cone)","CON Save","8d8 Cold","Make a flurry of frost, crisp air, and condensed snow crystals erupt from your hands.","https://bg3.wiki/wiki/Cone_of_Cold"
"Conjure Elemental","5","Conjuration","Druid; Wizard","Action","-","Range 18 m / 60 ft","-","-","Bend the barrier between the Planes until they disgorge an elemental ally to follow and fight for you.","https://bg3.wiki/wiki/Conjure_Elemental"
"Contagion","5","Necromancy","Cleric; Druid","Action","-","Range 1.5 m / 5 ft","Attack Roll","-","Poison a target and possibly afflict them with a disease of your choice. Once infected, the target will roll a Constitution Saving Throw each turn. If it accumulates 3 successes, it recovers. If it accumulates 3 failures, it contracts the disease chosen by the spellcaster.","https://bg3.wiki/wiki/Contagion"
"Dispel Evil And Good","5","Abjuration","Cleric","Action","Duration 10 turns","Range Self","-","-","Aberrations [ See: Bugs ], Celestials, Elementals, Fey, Fiends, and Undead have Disadvantage on Attack Roll Attack Rolls against you. You can also break Enchantments that Charm, Frighten, or Possesses allies.","https://bg3.wiki/wiki/Dispel_Evil_And_Good"
"Dominate Person","5","Enchantment","Bard; Sorcerer; Wizard","Action","Duration 10 turns","Range 18 m / 60ft","WIS Save","-","Dominate a nearby humanoid. Allies are unaffected. Every time the creature takes damage, it may repeat the Saving Throw against your domination.","https://bg3.wiki/wiki/Dominate_Person"
"Flame Strike","5","Evocation","Cleric","Action","-","Range 18 m / 60ft Aoe 3m / 10ft (Radius)","DEX Save","5d6 Fire 5d6 Radiant","Make a pillar of divine fire roar down from the heavens like the wrath of affronted angels.","https://bg3.wiki/wiki/Flame_Strike"
"Greater Restoration","5","Abjuration","Bard; Cleric; Druid","Action","-","Range 1.5 m / 5 ft","-","-","Touch a creature and negate any Charm, Petrification, Stun, or Curse.","https://bg3.wiki/wiki/Greater_Restoration"
"Hold Monster","5","Enchantment","Bard; Sorcerer; Warlock; Wizard","Action","Duration 10 turns","Range 18 m / 60 ft","WIS Save","-","Paralyse a creature. It can't move, act, or react. Attacks from within 3 m (10 ft) are always critical hits. Prerequisite No effect on undead.","https://bg3.wiki/wiki/Hold_Monster"
"Insect Plague","5","Conjuration","Cleric; Druid; Sorcerer","Action","-","Range 18 m / 60 ft Aoe 6m / 20ft (Radius)","CON Save","4d10 Piercing","Locusts attack everyone within range, make the area Difficult Terrain, and impose Disadvantage on Perception Checks.","https://bg3.wiki/wiki/Insect_Plague"
"Mass Cure Wounds","5","Evocation","Bard; Cleric; Druid","Action","-","Range 18 m / 60 ft","-","3d8 + Spellcasting modifier Healing","Unleash a soothing hum of energy that heals you and nearby allies. Prerequisite No effect on Undead and Constructs","https://bg3.wiki/wiki/Mass_Cure_Wounds"
"Planar Binding","5","Abjuration","Bard; Cleric; Druid; Wizard","Action","Duration 10 turns","Range 18 m / 60 ft","WIS Save","-","Target an otherworldly creature and attach its consciousness to your own. It will follow and fight for you as an ally. Prerequisite Target must be a Celestial, Elemental, Fey, or a Fiend.","https://bg3.wiki/wiki/Planar_Binding"
"Seeming","5","Illusion","Bard; Sorcerer; Wizard","Action","Duration Long Rest","Range 18 m / 60 ft","-","-","Disguise up to 4 members of your adventuring party.","https://bg3.wiki/wiki/Seeming"
"Telekinesis","5","Transmutation","Sorcerer; Wizard","Action","Duration 10 turns","Range 18 m / 60ft","STR Save","-","Throw a creature or object up to 18 m (60 ft) with a thought. Once per turn, you can use Telekinesis again without expending a Spell Slot. Heavier items deal more damage.","https://bg3.wiki/wiki/Telekinesis"
"Wall of Stone","5","Evocation","Druid; Sorcerer; Wizard","Action","-","Range 18 m / 60ft","-","-","Raise a wall of non-magical, solid stone. The wall can be created between any two points within range as long as there is a clear path between them. It is made up of Stone Pillars with 30 HP each, immune to Psychic and vulnerable to Force and Thunder damage. Pillars block movement and line of sight.","https://bg3.wiki/wiki/Wall_of_Stone"
"Arcane Gate","6","Conjuration","Sorcerer; Warlock; Wizard","Action","-","Range 18 m / 60 ft","-","-","Create two linked teleportation portals within range. All creatures, including enemies, may travel between the two portals as a free action.","https://bg3.wiki/wiki/Arcane_Gate"
"Blade Barrier","6","Evocation","Cleric","Action","-","Range 18 m / 60ft","DEX Save","6d10 Slashing","Summons a wall of razor-sharp blades that turns the area into Difficult Terrain and damages anyone foolish enough to come close.","https://bg3.wiki/wiki/Blade_Barrier"
"Chain Lightning","6","Evocation","Sorcerer; Wizard","Action","-","Range 18 m / 60ft","DEX Save","10d8 Lightning","Strike an enemy with lightning. Three more bolts will leap from the target, electrifying as many as three other enemies within range.","https://bg3.wiki/wiki/Chain_Lightning"
"Circle of Death","6","Necromancy","Sorcerer; Warlock; Wizard","Action","-","Range 18 m / 60ft Aoe 9m / 30ft (Radius)","CON Save","8d6 Necrotic","Sculpt a massive sphere of entropic energy around a creature. Devastate the target and all surrounding creatures.","https://bg3.wiki/wiki/Circle_of_Death"
"Create Undead","6","Necromancy","Cleric; Warlock; Wizard","Action","-","Range 3 m / 10ft","-","-","Create a corpse as a heinous mummy that fights by your side. Prerequisite The target must be a Medium or Small corpse.","https://bg3.wiki/wiki/Create_Undead"
"Disintegrate","6","Transmutation","Sorcerer; Wizard","Action","-","Range 9 m / 30ft","DEX Save","10d6 + 40 Force","If the target fails a Dexterity Saving Throw, and the spell reduces it to 0 hit points, it disintegrates into a crumbly ash.","https://bg3.wiki/wiki/Disintegrate"
"Eyebite","6","Necromancy","Bard; Sorcerer; Warlock; Wizard","Action","-","Range 18 m / 60ft","WIS Save","-","Your eyes become black corridors walled in teeth, your gaze capable of inflicting dread, sickness, or putting creatures to sleep. While Concentrating, you may cast Eyebite without expending a spell slot.","https://bg3.wiki/wiki/Eyebite"
"Flesh to Stone","6","Transmutation","Warlock; Wizard","Action","Duration 3 turns","Range 18 m / 60ft","CON Save","-","Atrophy a foe, Restraining them until they temporarily turn to stone. The target will Petrify if it does not succeed its Saving Throw within 3 turns. [ See Notes ]","https://bg3.wiki/wiki/Flesh_to_Stone"
"Globe of Invulnerability","6","Abjuration","Sorcerer; Wizard","Action","-","Range 3 m / 10ft Aoe 3m / 10ft (Radius)","-","-","Create a barrier that makes creatures and objects inside it immune to all damage.","https://bg3.wiki/wiki/Globe_of_Invulnerability"
"Harm","6","Necromancy","Cleric","Action","Duration Long Rest","Range 18 m / 60 ft","CON Save","14d6 Necrotic","Reduce a target's maximum Hit Points, but never below 1.","https://bg3.wiki/wiki/Harm"
"Heal","6","Evocation","Cleric; Druid","Action","-","Range 18 m / 60 ft","-","70 Healing","Heals a target's wounds and remove Blindness and any diseases. Prerequisite No effect on undead and constructs.","https://bg3.wiki/wiki/Heal"
"Heroes' Feast","6","Conjuration","Cleric; Druid","Action","Duration Long Rest","Range Self Aoe 18m / 60ft (Radius)","-","-","You and everyone around can't be Poisoned, Diseased, or Frightened (status group). Everyone's maximum Hit Points increases by 12, and they make Wisdom Saving Throw Saving Throws with Advantage.","https://bg3.wiki/wiki/Heroes%27_Feast"
"Otiluke's Freezing Sphere","6","Evocation","Wizard","Action","-","Range 1.5 m / 5 ft","CON Save","10d6 Cold","Create a ball of churning ice that can be launched instantly to generate a frosty explosion or stored for later use.","https://bg3.wiki/wiki/Otiluke%27s_Freezing_Sphere"
"Otto's Irresistible Dance","6","Enchantment","Bard; Wizard","Action","Duration 10 turns","Range 9 m / 30ft","WIS Save","-","Cause a creature to start dancing, making it unable to take Actions or Move. Its attackers have Advantage on Attack Roll Attack Rolls. The dancer has Disadvantage on Attack Rolls and Dexterity Saving Throw Saving Throws.","https://bg3.wiki/wiki/Otto%27s_Irresistible_Dance"
"Planar Ally","6","Conjuration","Cleric","Action","-","Range 18 m / 60 ft","-","-","Beseech one of these otherworldly entities for aid. Summon either an Elemental, Celestial, or Fiend to fight for you.","https://bg3.wiki/wiki/Planar_Ally"
"Sunbeam","6","Evocation","Druid; Sorcerer; Wizard","Action","Duration 10 turns","Aoe 18m / 60ft","CON Save","6d8 Radiant","A beam of brilliant light sears and Blinds all creatures in its path. Until the spell ends, you can recast Sunbeam without expending a spell slot.","https://bg3.wiki/wiki/Sunbeam"
"Wall of Ice","6","Evocation","Wizard","Action","Duration 10 turns","Range 18 m / 60ft","DEX Save","10d6 Cold","Raise a wall of solid ice that deals 10d6 Cold damage to anyone standing in its way. When the ice is broken, it leaves behind a cloud of frigid air that deals 10d6 Cold per turn to creatures within.","https://bg3.wiki/wiki/Wall_of_Ice"
"Wall of Thorns","6","Conjuration","Druid","Action","-","Range 18 m / 60 ft","DEX Save","7d8 Piercing","Create a wall of pliable, twisting thorns surrounded by Entangling vines. Creatures can move through the wall, but take 7d8 Piercing damage per turn, their Movement Speed is quartered.","https://bg3.wiki/wiki/Wall_of_Thorns"
"Wind Walk","6","Transmutation","Druid","Action","Duration Long Rest","Range 9 m / 30ft","-","-","Transform yourself and all nearby party members into tiny clouds of mist to avoid attacks. You become Resistant to non-magical damage, gain Advantage on Constitution, Dexterity, and Strength Saving Throw Saving Throws, and become Tiny in size. Prerequisite While transformed, you won't be able to attack, cast spells, or talk.","https://bg3.wiki/wiki/Wind_Walk"
